CNPJ;DENOM_SOCIAL;DENOM_COMERC;DT_REG;DT_CANCEL;MOTIVO_CANCEL;SIT;DT_INI_SIT;TP_ENDER;LOGRADOURO;COMPL;BAIRRO;MUN;UF;CEP;DDD;TEL;EMAIL
61.384.004/0001-05;AVENUE SECURITIES DTVM LTDA.;AVENUE SECURITIES DTVM;1997-05-27;;;ATIVO;1997-05-27;;;;;;;;;;hsu.chun@avenue.us
40.434.681/0001-10;AZUMI DISTRIBUIDORA DE TÍTULOS E VALORES MOBILIÁRIOS LTDA.;AZUMI DTVM;2021-10-28;;;ATIVO;2021-10-28;;;;;;;;;;vitor.moscatelli@azumidtvm.com.br
03.532.415/0001-02;BANCO ABN AMRO S.A.;BANCO ABN AMRO S.A.;2000-05-25;2015-12-21;CANCELAMENTO POR DECISÃO ADMINISTRATIVA;CANCELADA;2015-12-21;CORRESPONDÊNCIA. ADM. FUNDO;R FIDENCIO RAMOS;302/308 11 ANDAR CONJUNTO 111;VILA OLIMPIA;SÃO PAULO;SP;4551010;11;30737400;contasapagar.br@abnamroclearing.com
00.997.185/0001-50;BANCO B3 S.A.;BANCO B3 S.A.;1999-01-08;2005-06-24;CANCELAMENTO POR DECISÃO ADMINISTRATIVA;CANCELADA;2005-06-24;CORRESPONDÊNCIA. ADM. FUNDO;RUA JOÃO BRÍCOLA, 59;4° ANDAR;CENTRO;SÃO PAULO;SP;1014010;11;25657415;gustavo.carvalho@b3.com.br
60.898.723/0001-81;BANCO BCN S.A.;BANCO BCN S.A.;1999-10-18;2005-06-24;CANCELAMENTO POR DECISÃO ADMINISTRATIVA;CANCELADA;2005-06-24;CORRESPONDÊNCIA. ADM. FUNDO;AV. NAçõES UNIDAS, 12901;TORRE OESTE - 3º A;BROOKLIN NOVO;SÃO PAULO;SP;4578000;11;55092444;anapaula@bram.bradesco.com.br
01.522.368/0001-82;BANCO BNP PARIBAS BRASIL S/A;BANCO BNP PARIBAS BRASIL S/A;2015-12-09;;;ATIVO;2015-12-09;CORRESPONDÊNCIA. ADM. FUNDO;AV PRES JUSC KUBITSCHEK 1909;9º - 11º ANDS;VILA NOVA CONCEIÇÃO;SÃO PAULO;SP;4543011;11;38413146;fixedincomebrazil@br.bnpparibas.com
15.114.366/0001-69;BANCO BOCOM BBM S.A.;BCO BOCOM BBM;1997-05-26;2012-09-13;CANCELAMENTO POR DECISÃO ADMINISTRATIVA;CANCELADA;2012-09-13;CORRESPONDÊNCIA. ADM. FUNDO;AV BARÃO DE TEFÉ, 34;20º E 21º ANDAR;SAÚDE;RIO DE JANEIRO;RJ;20220460;21;25148477;compliancecorporativo@bocombbm.com.br
60.746.948/0001-12;BANCO BRADESCO S.A.;BANCO BRADESCO S.A.;2010-03-03;;;ATIVO;2010-03-03;;;;;;;;;;kelly.navarro@bradesco.com.br
62.232.889/0001-90;BANCO DAYCOVAL S.A.;BANCO DAYCOVAL S.A.;2020-03-17;;;ATIVO;2020-03-17;CORRESPONDÊNCIA. ADM. FUNDO;AV PAULISTA 1793;;BELA VISTA;SÃO PAULO;SP;1311200;11;31380461;ri@bancodaycoval.com.br
33.644.196/0001-06;BANCO FATOR S/A;FATOR - BANCO;2011-03-24;;;ATIVO;2011-03-24;CORRESPONDÊNCIA. ADM. FUNDO;R DR RENATO P BARROS, 1017;12º ANDAR;ITAIM BIBI;SÃO PAULO;SP;453001;11;30499100;lstefanini@fator.com.br
33.644.196/0001-06;BANCO FATOR S/A;FATOR - BANCO;1998-04-27;2009-07-15;CANCELAMENTO POR DECISÃO ADMINISTRATIVA;CANCELADA;2009-07-15;CORRESPONDÊNCIA. ADM. FUNDO;R DR RENATO P BARROS, 1017;12º ANDAR;ITAIM BIBI;SÃO PAULO;SP;453001;11;30499100;lstefanini@fator.com.br
11.758.741/0001-52;BANCO FINAXIS S.A.;BANCO FINAXIS S.A.;2012-01-05;;;ATIVO;2012-01-05;CORRESPONDÊNCIA. ADM. FUNDO;RUA PASTEUR, 463;11º ANDAR;AGUA VERDE;CURITIBA;PR;80205104;41;30740909;servicosfinanceiros@finaxis.com.br
45.246.410/0001-55;BANCO GENIAL S.A.;PLURAL BANCO;2018-04-20;;;ATIVO;2018-04-20;CORRESPONDÊNCIA. ADM. FUNDO;PRAIA DE BOTAFOGO, 228;9º ANDAR  SL. 907;BOTAFOGO;RIO DE JANEIRO;RJ;22250040;21;32933001;complianceadm@genial.com.vc
31.880.826/0001-16;BANCO GUANABARA SA;BANCO GUANABARA SA;1997-06-05;2005-07-01;CANCELAMENTO POR DECISÃO ADMINISTRATIVA;CANCELADA;2005-07-01;CORRESPONDÊNCIA. ADM. FUNDO;AVENIDA BRASIL 8255/3 ANDAR;;RAMOS;RIO DE JANEIRO;RJ;21030000;21;25629600;contabilidade@bancoguanabara.com.br
03.017.677/0001-20;BANCO J. SAFRA S.A.;BANCO J. SAFRA;2011-02-23;;;ATIVO;2011-02-23;CORRESPONDÊNCIA. ADM. FUNDO;AVENIDA PAULISTA 2150;;BELA VISTA;SÃO PAULO;SP;1310300;11;31758627;atendimento.regulamentar@safra.com.br
33.172.537/0001-98;BANCO J.P. MORGAN S.A.;BANCO J. P. MORGAN S.A.;1997-06-04;2003-08-06;CANCELAMENTO A PEDIDO;CANCELADA;2003-08-06;CORRESPONDÊNCIA. ADM. FUNDO;AVENIDA BRIGADEIRO FARIA LIMA;3729, 11 AO 15;ITAIM BIBI;SÃO PAULO;SP;4538905;11;49503700;pedro.juliano@jpmorgan.com
30.723.886/0001-62;BANCO MODAL S.A.;BANCO MODAL S.A.;2015-06-08;;;ATIVO;2015-06-08;CORRESPONDÊNCIA. ADM. FUNDO;JUSCELINO KUBITSCHEK 1909;26° ANDAR;VILA OLIMPIA;SÃO PAULO;SP;4551065;11;40033710;juridico.regulatorio@xpi.com.br
30.723.886/0001-62;BANCO MODAL S.A.;BANCO MODAL S.A.;2001-06-05;2005-06-24;CANCELAMENTO POR DECISÃO ADMINISTRATIVA;CANCELADA;2005-06-24;CORRESPONDÊNCIA. ADM. FUNDO;JUSCELINO KUBITSCHEK 1909;26° ANDAR;VILA OLIMPIA;SÃO PAULO;SP;4551065;11;40033710;juridico.regulatorio@xpi.com.br
78.632.767/0001-20;BANCO OURINVEST S.A.;OURINVEST;2000-09-27;;;ATIVO;2000-09-27;CORRESPONDÊNCIA. ADM. FUNDO;AVENIDA PAULISTA,1728;SOBRELOJA, 2 AO 5, 7 E 11 ANDARES;BELA VISTA;SÃO PAULO;SP;1310919;11;40814444;juridico@ourinvest.com.br
33.074.683/0001-80;BANCO RURAL MAIS S.A.;BANCO SUL AMERICA SA;1998-01-15;2005-06-24;CANCELAMENTO POR DECISÃO ADMINISTRATIVA;CANCELADA;2005-06-24;CORRESPONDÊNCIA. ADM. FUNDO;RUA RIO DE JANEIRO, N° 927;15º ANDAR;CENTRO;BELO HORIZONTE;MG;30160041;11;37794822;faleconosco@rural.com.br
90.400.888/0001-42;BANCO SANTANDER (BRASIL) S.A.;BANCO SANTANDER (BRASIL) S.A.;2013-02-14;2015-06-26;CANCELAMENTO POR DECISÃO ADMINISTRATIVA;CANCELADA;2015-06-26;CORRESPONDÊNCIA. ADM. FUNDO;RUA AMADOR BUENO;474/2 º ANDAR/BL.D;SANTO AMARO;SÃO PAULO;SP;4752901;11;35532885;corgreguladores@santander.com.br
33.517.640/0001-22;BANCO SANTANDER S.A.;BANCO SANTANDER S.A.;1997-05-26;2005-06-24;CANCELAMENTO POR DECISÃO ADMINISTRATIVA;CANCELADA;2005-06-24;CORRESPONDÊNCIA. ADM. FUNDO;AV. NAÇÕES UNIDAS, 12901 - 19º;CENU - TORRE NORTE;BROOKLIN;SÃO PAULO;SP;4578000;11;51053535;juridsocietario@banespa.com.br
48.103.014/0001-67;BANCO SUDAMERIS DE INVESTIMENTO SA;BANCO SUDAMERIS DE INVEST S.A.;1997-05-19;2005-06-24;CANCELAMENTO POR DECISÃO ADMINISTRATIVA;CANCELADA;2005-06-24;CORRESPONDÊNCIA. ADM. FUNDO;AV PAULISTA 1374;8 ANDAR;CERQUEIRA CESAR;SÃO PAULO;SP;1310916;11;31746663;paulo.cesar.werneck@br.abnamro.com
76.550.714/0001-35;BANESTADO CVM S/A;BANESTADO CVM S/A;1997-05-16;2005-06-24;CANCELAMENTO POR DECISÃO ADMINISTRATIVA;CANCELADA;2005-06-24;CORRESPONDÊNCIA. ADM. FUNDO;PÇA ALFREDO E. S. ARANHA,100;T. EUDORO VILELA14;JABAQUARA;SÃO PAULO;SP;4344902;11;50294658;drinvest@itau.com.br
33.753.740/0001-58;BANIF BANCO DE INVESTIMENTO (BRASIL) S/A;BANIF BANCO DE INVESTIMENTO (BRASIL) S/A;2005-11-21;2014-05-21;CANCELAMENTO POR DECISÃO ADMINISTRATIVA;CANCELADA;2014-05-21;CORRESPONDÊNCIA. ADM. FUNDO;RUA MINAS DE PRATA, 30;15 ANDAR;VILA OLIMPIA;SÃO PAULO;SP;4552080;11;31652000;geraldo.castilho@banif.com.br
30.822.936/0001-69;BB GESTAO DE RECURSOS DTVM S.A;BB GESTÃO DE RECURSOS DTVM SA;2011-12-20;2012-04-04;CANCELAMENTO POR DECISÃO ADMINISTRATIVA;CANCELADA;2012-04-04;CORRESPONDÊNCIA. ADM. FUNDO;PRAÇA XV DE NOVEMBRO, 20;2º E 3º ANDARES;CENTRO;RIO DE JANEIRO;RJ;20010010;21;38087500;bbasset@bb.com.br
30.822.936/0001-69;BB GESTAO DE RECURSOS DTVM S.A;BB GESTÃO DE RECURSOS DTVM SA;2012-01-13;;;ATIVO;2012-01-13;CORRESPONDÊNCIA. ADM. FUNDO;PRAÇA XV DE NOVEMBRO, 20;2º E 3º ANDARES;CENTRO;RIO DE JANEIRO;RJ;20010010;21;38087500;bbasset@bb.com.br
61.859.724/0001-80;BCN CORRETORA DE TÍTULOS E VALORES MOBILIÁRIOS S.A.;CLSA - BCN CTVM S.A.;1997-05-28;2003-05-30;CANCELAMENTO A PEDIDO;CANCELADA;2003-05-30;CORRESPONDÊNCIA. ADM. FUNDO;R BOA VISTA 208/13 AND CJ "B";;;SÃO PAULO;SP;1014000;;;4223.jorgeluiz@bradesco.com.br
50.585.090/0001-06;BCV - BANCO DE CRÉDITO E VAREJO S.A.;BCV - BANCO DE CRÉDITO E VAREJO S.A.;1997-05-30;;;ATIVO;1997-05-30;CORRESPONDÊNCIA. ADM. FUNDO;AVENIDA PRESIDENTE JUSCELINO;N 1830. 10º ANDAR;VILA NOVA CONCEIÇÃO;SÃO PAULO;SP;4543000;;;maria.saad@bancobmg.com.br
00.066.670/0001-00;BEM - DISTRIBUIDORA DE TITULOS E VALORES MOBILIARIOS LTDA.;BEM DTVM LTDA;2009-11-11;;;ATIVO;2009-11-11;CORRESPONDÊNCIA. ADM. FUNDO;NUCLEO ADM. CIDADE DE DEUS;P. AMARELO 1º AND;VILA YARA;OSASCO;SP;6029900;11;36844522;kelly.navarro@bradesco.com.br
35.068.183/0001-61;BLUE ASSET GESTÃO DE RECURSOS LTDA.;BLUE ASSET;2021-01-04;2021-01-04;REGISTRO INDEVIDO;CANCELADA;2021-01-04;;;;;;;;;;mariaclara@blueasset.com.br
02.201.501/0001-61;BNY MELLON SERVICOS FINANCEIROS DTVM S.A.;BNY MELLON SERVIÇOS FINANCEIROS DTVM S.A.;2009-04-01;;;ATIVO;2009-04-01;CORRESPONDÊNCIA. ADM. FUNDO;AVENIDA PRESIDENTE WILSON, 231;13 ANDAR;CENTRO;RIO DE JANEIRO;RJ;20030905;21;32192479;bnymellon_cvm@bnymellon.com.br
02.201.501/0001-61;BNY MELLON SERVICOS FINANCEIROS DTVM S.A.;BNY MELLON SERVIÇOS FINANCEIROS DTVM S.A.;2011-10-04;2011-10-04;REGISTRO INDEVIDO;CANCELADA;2011-10-04;CORRESPONDÊNCIA. ADM. FUNDO;AVENIDA PRESIDENTE WILSON, 231;13 ANDAR;CENTRO;RIO DE JANEIRO;RJ;20030905;21;32192479;bnymellon_cvm@bnymellon.com.br
35.929.132/0001-87;BOREAL SA CORRETORA VALORES CAMBIO;BOREAL SA CORRETORA VALORES CAMBIO;1997-05-21;2005-06-24;CANCELAMENTO POR DECISÃO ADMINISTRATIVA;CANCELADA;2005-06-24;CORRESPONDÊNCIA. ADM. FUNDO;AV PRES WILSON 231/29 ANDAR;;CENTRO;RIO DE JANEIRO;RJ;20030021;;;
44.077.014/0001-89;BR-CAPITAL DTVM S.A.;BR-CAPITAL DTVM S.A.;1998-06-29;;;ATIVO;1998-06-29;CORRESPONDÊNCIA. ADM. FUNDO;AV. DAS NAÇÕES UNIDAS, 11857;11º ANDAR- CJ. 111;BROOKLIN PAULISTA;SÃO PAULO;SP;4578908;11;55083500;carolina.gregorio@unitas.com.br
62.237.367/0001-80;BRAZILIAN MORTGAGES COMPANHIA HIPOTECÁRIA;BRAZILIAN MORTGAGES CIA HIPOTECÁRIA;2007-06-26;2007-08-13;CANCELAMENTO POR DECISÃO ADMINISTRATIVA;CANCELADA;2007-08-13;CORRESPONDÊNCIA. ADM. FUNDO;Avenida Paulista, 1374;16o andar;BELA VISTA;SÃO PAULO;SP;1310100;11;32645464;fabio.nogueira@brazilianmortgages.com.br
62.237.367/0001-80;BRAZILIAN MORTGAGES COMPANHIA HIPOTECÁRIA;BRAZILIAN MORTGAGES CIA HIPOTECÁRIA;2010-07-15;2013-04-30;CANCELAMENTO POR DECISÃO ADMINISTRATIVA;CANCELADA;2013-04-30;CORRESPONDÊNCIA. ADM. FUNDO;Avenida Paulista, 1374;16o andar;BELA VISTA;SÃO PAULO;SP;1310100;11;32645464;fabio.nogueira@brazilianmortgages.com.br
33.850.686/0001-69;BRB DTVM SA;BRB DTVM SA;2014-03-12;;;ATIVO;2014-03-12;CORRESPONDÊNCIA. ADM. FUNDO;SAUN QD 05 LOTE C BL C TORRE 3 - CNC;2 ANDAR;ASA NORTE;BRASÍLIA;DF;70040250;61;34092001;ggecor@dtvm.brb.com.br
33.923.111/0001-29;BRBK PARTICIPAÃiES S.A.;BRKB PARTICIPACOES S.A;1997-05-30;;;ATIVO;1997-05-30;CORRESPONDÊNCIA. ADM. FUNDO;AV. DAS NAÇÕES UNIDAS 14261;ALA B, 20º ANDAR;VILA GERTRUDES;SÃO PAULO;SP;4794000;11;25409150;cadastro.brkb@brookfield.com
13.486.793/0001-42;BRL TRUST DISTRIBUIDORA DE TITULOS E VALORES MOBILIARIOS S.A.;BRL TRUST DISTRIBUIDORA DE TÍTULOS E VALORES MOBILIÁRIOS S.A.;2011-07-27;;;ATIVO;2011-07-27;CORRESPONDÊNCIA. ADM. FUNDO;RUA IGUATEMI;19º ANDAR;ITAIM BIBI;SÃO PAULO;SP;1451011;11;35090600;robson.reis@apexgroup.com
29.650.082/0001-00;BTG PACTUAL ASSET MANAGEMENT S/A DTVM;BTG PACTUAL ASSET MANAGEMENT S/A DTVM;1997-05-27;2005-08-24;CANCELAMENTO POR DECISÃO ADMINISTRATIVA;CANCELADA;2005-08-24;CORRESPONDÊNCIA. ADM. FUNDO;AV BRIGADEIRO FARIA LIMA, 3477;14º andar;ITAIM BIBI;SÃO PAULO;SP;4538133;11;33832000;ol-reguladores@btgpactual.com
59.281.253/0001-23;BTG PACTUAL SERVIÇOS FINANCEIROS S/A DTVM;BTG PACTUAL SERVIÇOS FINANCEIROS S/A DTVM;2010-03-19;;;ATIVO;2010-03-19;CORRESPONDÊNCIA. ADM. FUNDO;PRAIA DE BOTAFOGO, 501;5 E 6 ANDAR (PARTE) - TORRE CORCOVADO;BOTAFOGO;RIO DE JANEIRO;RJ;22250040;21;32629600;ol-juridico@btgpactual.com
03.384.738/0001-98;BV DISTRIBUIDORA DE TÍTULOS E VALORES MOBILIÁRIOS S.A.;BV DISTRIBUIDORA DE TÍTULOS E VALORES MOBILIÁRIOS S.A.;2009-10-26;;;ATIVO;2009-10-26;CORRESPONDÊNCIA. ADM. FUNDO;AV. DAS NAÇÕES UNIDAS, 14171;TORRE A 11º ANDAR;VILA GERTRUDES;SÃO PAULO;SP;4794000;11;51715003;vam-cvm@vam.com.br
00.360.305/0001-04;CAIXA ECONOMICA FEDERAL;CAIXA ECONOMICA FEDERAL;2004-09-03;;;ATIVO;2004-09-03;CORRESPONDÊNCIA. ADM. FUNDO;AV. PAULISTA Nº 750;9º ANDAR;BELA VISTA;SÃO PAULO;SP;1310100;61;35724600;decoi@caixa.gov.br
19.182.613/0001-15;CEDARWOOD PRIVATE EQUITY S.A.;CEDARWOOD PRIVATE EQUITY S.A.;2016-08-25;2016-11-30;CANCELAMENTO POR DECISÃO ADMINISTRATIVA;CANCELADA;2016-11-30;CORRESPONDÊNCIA. ADM. FUNDO;Rua Ramos Batista;152 / 11 andar;Vila Olimpia;SÃO PAULO;SP;4552020;11;30316177;cvm@phenomcapital.com.br
33.868.597/0001-40;CITIBANK DTVM SA;CITIBANK DTVM;2010-05-25;2019-11-08;CANCELAMENTO A PEDIDO;CANCELADA;2019-11-08;CORRESPONDÊNCIA. ADM. FUNDO;AV. PAULISTA, Nº 1.111;14º ANDAR;BELA VISTA;SÃO PAULO;SP;1311920;11;40097975;citi.administracao@citi.com
33.868.597/0001-40;CITIBANK DTVM SA;CITIBANK DTVM;2011-05-10;2011-09-14;CANCELAMENTO POR DECISÃO ADMINISTRATIVA;CANCELADA;2011-09-14;CORRESPONDÊNCIA. ADM. FUNDO;AV. PAULISTA, Nº 1.111;14º ANDAR;BELA VISTA;SÃO PAULO;SP;1311920;11;40097975;citi.administracao@citi.com
02.671.743/0001-19;CM CAPITAL MARKETS DTVM LTDA;CM CAPITAL MARKET DTVM LTDA;2016-08-29;2016-10-17;CANCELAMENTO POR DECISÃO ADMINISTRATIVA;CANCELADA;2016-10-17;CORRESPONDÊNCIA. ADM. FUNDO;RUA GOMES DE CARVALHO 1195;4º ANDAR;VILA OLIMPIA;SÃO PAULO;SP;4547004;11;38421122;admfundos@cmcapital.com.br
02.671.743/0001-19;CM CAPITAL MARKETS DTVM LTDA;CM CAPITAL MARKET DTVM LTDA;2016-12-16;;;ATIVO;2016-12-16;CORRESPONDÊNCIA. ADM. FUNDO;RUA GOMES DE CARVALHO 1195;4º ANDAR;VILA OLIMPIA;SÃO PAULO;SP;4547004;11;38421122;admfundos@cmcapital.com.br
00.336.036/0001-40;COINVALORES CCVM LTDA;COINVALORES;2003-09-11;;;ATIVO;2003-09-11;;;;;;;;;;admfundoimobiliario@coinvalores.com.br
59.148.775/0001-51;COINVALORES DISTRIBUIDORA DE TÍTULOS E VALORES MOBILIÁRIOS LTDA;COINVALORES - DIST;2002-10-17;2005-08-30;CANCELAMENTO POR DECISÃO ADMINISTRATIVA;CANCELADA;2005-08-30;CORRESPONDÊNCIA. ADM. FUNDO;AV.BRIGADEIRO FARIA LIMA,1461;10º ANDAR;PINHEIROS;SÃO PAULO;SP;1451904;11;31060151;coin@coinvalores.com.br
92.858.380/0001-18;CORRETORA GERAL DE VALORES E CAMBIO LTDA;CORRETORA GERAL DE VALORES E CAMBIO LTDA;2009-04-30;;;ATIVO;2009-04-30;CORRESPONDÊNCIA. ADM. FUNDO;DR. JOSÉ MONTAURY, 139;7 ANDAR;CENTRO HISTÓRICO;PORTO ALEGRE;RS;90010090;51;32132727;cinternos@geralinvestimentos.com.br
92.858.380/0001-18;CORRETORA GERAL DE VALORES E CAMBIO LTDA;CORRETORA GERAL DE VALORES E CAMBIO LTDA;2009-04-30;2009-06-15;CANCELAMENTO POR DECISÃO ADMINISTRATIVA;CANCELADA;2009-06-15;CORRESPONDÊNCIA. ADM. FUNDO;DR. JOSÉ MONTAURY, 139;7 ANDAR;CENTRO HISTÓRICO;PORTO ALEGRE;RS;90010090;51;32132727;cinternos@geralinvestimentos.com.br
92.858.380/0001-18;CORRETORA GERAL DE VALORES E CAMBIO LTDA;CORRETORA GERAL DE VALORES E CAMBIO LTDA;2009-10-01;2009-11-16;CANCELAMENTO POR DECISÃO ADMINISTRATIVA;CANCELADA;2009-11-16;CORRESPONDÊNCIA. ADM. FUNDO;DR. JOSÉ MONTAURY, 139;7 ANDAR;CENTRO HISTÓRICO;PORTO ALEGRE;RS;90010090;51;32132727;cinternos@geralinvestimentos.com.br
92.858.380/0001-18;CORRETORA GERAL DE VALORES E CAMBIO LTDA;CORRETORA GERAL DE VALORES E CAMBIO LTDA;2009-04-30;2010-07-21;CANCELAMENTO POR DECISÃO ADMINISTRATIVA;CANCELADA;2010-07-21;CORRESPONDÊNCIA. ADM. FUNDO;DR. JOSÉ MONTAURY, 139;7 ANDAR;CENTRO HISTÓRICO;PORTO ALEGRE;RS;90010090;51;32132727;cinternos@geralinvestimentos.com.br
92.858.380/0001-18;CORRETORA GERAL DE VALORES E CAMBIO LTDA;CORRETORA GERAL DE VALORES E CAMBIO LTDA;2009-04-30;2010-09-16;CANCELAMENTO POR DECISÃO ADMINISTRATIVA;CANCELADA;2010-09-16;CORRESPONDÊNCIA. ADM. FUNDO;DR. JOSÉ MONTAURY, 139;7 ANDAR;CENTRO HISTÓRICO;PORTO ALEGRE;RS;90010090;51;32132727;cinternos@geralinvestimentos.com.br
92.858.380/0001-18;CORRETORA GERAL DE VALORES E CAMBIO LTDA;CORRETORA GERAL DE VALORES E CAMBIO LTDA;2009-04-30;2010-10-07;CANCELAMENTO POR DECISÃO ADMINISTRATIVA;CANCELADA;2010-10-07;CORRESPONDÊNCIA. ADM. FUNDO;DR. JOSÉ MONTAURY, 139;7 ANDAR;CENTRO HISTÓRICO;PORTO ALEGRE;RS;90010090;51;32132727;cinternos@geralinvestimentos.com.br
61.809.182/0001-30;CREDIT SUISSE HEDGING-GRIFFO CORRETORA DE VALORES S.A.;CREDIT SUISSE HEDGING-GRIFFO CORRETORA DE VALORES S.A;2006-12-28;;;ATIVO;2006-12-28;CORRESPONDÊNCIA. ADM. FUNDO;LEOPOLDO COUTO MAGALHÃES JR.;700 - 10º AND;ITAIM BIBI;SÃO PAULO;SP;4542000;11;37016800;list.csbg-unicad@credit-suisse.com
28.048.783/0001-00;ELITE CCVM LTDA;ELITE;2016-07-04;;;ATIVO;2016-07-04;CORRESPONDÊNCIA. ADM. FUNDO;PRAÇA PIO X;55 - 11º ANDAR;CENTRO;RIO DE JANEIRO;RJ;20040020;21;21422100;ol-juridico-societario@btgpactual.com
37.678.915/0001-60;FIDD DISTRIBUIDORA DE TITULOS E VALORES MOBILIARIOS LTDA.;FIDD DTVM;2020-11-12;;;ATIVO;2020-11-12;;;;;;;;;;alexandre.chara@fiddgroup.com
03.317.692/0001-94;FINAXIS CORRETORA DE TÍTULOS E VALORES MOBILIÁRIOS S.A.;FINAXIS CTVM S/A;2015-11-26;;;ATIVO;2015-11-26;CORRESPONDÊNCIA. ADM. FUNDO;AV PAULISTA, 1842;TN - CJ 17;BELA VISTA;SÃO PAULO;SP;1310923;11;35269001;servicosfinanceiros@finaxis.com.br
03.317.692/0001-94;FINAXIS CORRETORA DE TÍTULOS E VALORES MOBILIÁRIOS S.A.;FINAXIS CTVM S/A;2010-12-14;2011-01-31;CANCELAMENTO POR DECISÃO ADMINISTRATIVA;CANCELADA;2011-01-31;CORRESPONDÊNCIA. ADM. FUNDO;AV PAULISTA, 1842;TN - CJ 17;BELA VISTA;SÃO PAULO;SP;1310923;11;35269001;servicosfinanceiros@finaxis.com.br
03.317.692/0001-94;FINAXIS CORRETORA DE TÍTULOS E VALORES MOBILIÁRIOS S.A.;FINAXIS CTVM S/A;2011-03-18;2012-09-05;CANCELAMENTO POR DECISÃO ADMINISTRATIVA;CANCELADA;2012-09-05;CORRESPONDÊNCIA. ADM. FUNDO;AV PAULISTA, 1842;TN - CJ 17;BELA VISTA;SÃO PAULO;SP;1310923;11;35269001;servicosfinanceiros@finaxis.com.br
36.266.751/0001-00;FINVEST DISTRIBUIDORA DE TÍTULOS E VALORES MOBILIÁRIOS LTDA.;FINVEST DISTRIBUIDORA DE TÍTULOS E VALORES MOBILIÁRIOS LTDA.;2021-03-12;;;ATIVO;2021-03-12;;;;;;;;;;andre.pina@finvestdtvm.com.br
13.673.855/0001-25;FRAM CAPITAL DISTRIBUIDORA DE TITULOS E VALORES MOBILIARIOS S.A.;FRAM CAPITAL DISTRIBUIDORA DE TÍTULOS E VALORES MOBILIÁRIOS S.A.;2016-07-22;;;ATIVO;2016-07-22;CORRESPONDÊNCIA. ADM. FUNDO;R DR EDUARDO SOUZA ARANHA;153, 4º ANDAR;VILA NOVA CONCEIÇÃO;SÃO PAULO;SP;4543120;11;35133100;controlesinternos@framcapital.com
10.749.264/0001-04;GDC PARTNERS SERVICOS FIDUCIARIOS DTVM LTDA;GDC PARTNERS DTVM;2011-01-05;2015-12-22;CANCELAMENTO POR DECISÃO ADMINISTRATIVA;CANCELADA;2015-12-22;CORRESPONDÊNCIA. ADM. FUNDO;AV AYRTON SENNA, 3000 PTE 3;BL ITANHANGÁ-3105;BARRA DA TIJUCA;RIO DE JANEIRO;RJ;22750003;21;24904305;gdc@gdcdtvm.com.br
27.652.684/0001-62;GENIAL INVESTIMENTOS CORRETORA DE VALORES MOBILIÁRIOS S.A.;GENIAL INVESTIMENTOS;2013-02-26;;;ATIVO;2013-02-26;CORRESPONDÊNCIA. ADM. FUNDO;PRAIA DE BOTAFOGO 228;SALA 913 (PARTE);BOTAFOGO;RIO DE JANEIRO;RJ;22250040;021;39233000;atendimentocvm.corretora@genial.com.vc
37.800.856/0001-51;GREEN ALTERNATIVE INVESTMENTS DISTRIBUIDORA DE TÍTULOS E VALORES MOBILIÁRIOS S.A;GREEN ALTERNATIVE INVESTMENTS DTVM S.A.;2020-05-29;;;ATIVO;2020-05-29;;;;;;;;;;rm@green.com.ai
07.253.654/0001-76;HEDGE INVESTMENTS DISTRIBUIDORA DE TÍTULOS E VALORES MOBILIÁRIOS LTDA.;HEDGE INVESTMENTS DISTRIBUIDORA DE TITULOS E VALORES MOBILIARIOS LTDA.;2018-06-04;;;ATIVO;2018-06-04;CORRESPONDÊNCIA. ADM. FUNDO;AV. BRIG. FARIA LIMA, 3600;11º ANDAR (CJ 112) PARTE;ITAIM BIBI;SÃO PAULO;SP;4538132;;;ricardo.freitas@hedgeinvest.com.br
39.669.186/0001-01;HEMERA DISTRIBUIDORA DE TITULOS E VALORES MOBILIARIOS LTDA;HEMERA DTVM;2022-05-20;;;ATIVO;2022-05-20;;;;;;;;;;compliance@hemeradtvm.com.br
62.062.716/0001-70;HSBC DTVM BRASIL LTDA.;HSBC DTVM BRASIL LTDA;1997-05-21;2005-06-24;CANCELAMENTO POR DECISÃO ADMINISTRATIVA;CANCELADA;2005-06-24;CORRESPONDÊNCIA. ADM. FUNDO;RUA TENENTE F. F. DE SOUZA,805;BLOCO 1ALA 3;HAUER;CURITIBA;PR;81630010;41;2173123;jose.feitosa@bradesco.com.br
31.265.903/0001-28;ICATU PARTICIPAÇÕES LTDA;ICATU PARTICIPAÇÕES LTDA;1997-06-03;2005-06-24;CANCELAMENTO POR DECISÃO ADMINISTRATIVA;CANCELADA;2005-06-24;CORRESPONDÊNCIA. ADM. FUNDO;AV PRESIDENTE WILSON 231/9 AND;;CASTELO;RIO DE JANEIRO;RJ;20030021;;;cparafit@icatu.com.br
10.274.584/0001-47;ICLA TRUST SERVIÇOS FINANCEIROS S.A.;ICLA TRUST DTVM S.A.;2016-11-23;2018-12-13;CANCELAMENTO A PEDIDO;CANCELADA;2018-12-13;CORRESPONDÊNCIA. ADM. FUNDO;PRAIA DE BOTAFOGO 440;6º ANDAR;BOTAFOGO;RIO DE JANEIRO;RJ;22250908;21;37971000;antonio.lima@iclatrust.com.br
10.274.584/0001-47;ICLA TRUST SERVIÇOS FINANCEIROS S.A.;ICLA TRUST DTVM S.A.;2011-12-08;2012-01-23;CANCELAMENTO POR DECISÃO ADMINISTRATIVA;CANCELADA;2012-01-23;CORRESPONDÊNCIA. ADM. FUNDO;PRAIA DE BOTAFOGO 440;6º ANDAR;BOTAFOGO;RIO DE JANEIRO;RJ;22250908;21;37971000;antonio.lima@iclatrust.com.br
10.274.584/0001-47;ICLA TRUST SERVIÇOS FINANCEIROS S.A.;ICLA TRUST DTVM S.A.;2012-01-19;2015-04-06;CANCELAMENTO POR DECISÃO ADMINISTRATIVA;CANCELADA;2015-04-06;CORRESPONDÊNCIA. ADM. FUNDO;PRAIA DE BOTAFOGO 440;6º ANDAR;BOTAFOGO;RIO DE JANEIRO;RJ;22250908;21;37971000;antonio.lima@iclatrust.com.br
16.695.922/0001-09;ID CORRETORA DE TITULOS E VALORES MOBILIARIOS S.A.;-----;2013-01-15;;;ATIVO;2013-01-15;;;;;;;;;;supervisao@idsf.com.br
00.329.598/0001-67;INDIGO INVESTIMENTOS DISTRIBUIDORA DE TÍTULOS E VALORES MOBILIÁRIOS LTDA;INDIGO INVESTIMENTOS DTVM;2011-10-07;;;ATIVO;2011-10-07;;;;;;;;;;juridico@indigoinvestimentos.com.br
34.978.626/0001-99;INTEGRAL ACCESS DISTRIBUIDORA DE TÍTULOS E VALORES MOBILIÁRIOS LTDA.;INTEGRAL ACCESS DTVM LTDA.;2023-01-31;;;ATIVO;2023-01-31;;;;;;;;;;operacional@integralaccess.com.br
18.945.670/0001-46;INTER DISTRIBUIDORA DE TÍTULOS E VALORES MOBILIÁRIOS;INTER DISTRIBUIDORA DE TITULOS E VALORES MOBILIARIOS LTDA.;2018-07-16;;;ATIVO;2018-07-16;CORRESPONDÊNCIA. ADM. FUNDO;AVENIDA BARBACENA 1219;21 ANDAR;SANTO AGOSTINHO;BELO HORIZONTE;MG;30190131;31;36145332;inter_cm@interdtvm.com.br
15.489.568/0001-95;INTRA INVESTIMENTOS DTVM LTDA;INTRA INVESTIMENTOS DTVM;2015-01-12;;;ATIVO;2015-01-12;;;;;;;;;;intra@intrainvestimentos.com.br
62.418.140/0001-31;INTRAG DTVM LTDA.;INTRAG;2010-10-22;;;ATIVO;2010-10-22;CORRESPONDÊNCIA. ADM. FUNDO;AV. BRIG. FARIA LIMA, 3400;10º ANDAR;ITAIM BIBI;SÃO PAULO;SP;4538132;11;50199986;relacionamento.reguladores@itau-unibanco.com.br
60.701.190/0001-04;ITAU UNIBANCO S.A.;ITAU UNIBANCO;1997-06-05;2005-06-24;CANCELAMENTO POR DECISÃO ADMINISTRATIVA;CANCELADA;2005-06-24;CORRESPONDÊNCIA. ADM. FUNDO;PC ALFREDO E.S. ARANHA, 100;T.O.SETUBAL;PRQ. JABAQUARA;SÃO PAULO;SP;4344902;11;50199986;relacionamento.reguladores@itau-unibanco.com.br
71.590.442/0001-83;LASTRO RDV DTVM LTDA;LASTRO RDV DTVM LTDA;2021-08-03;;;ATIVO;2021-08-03;CORRESPONDÊNCIA. ADM. FUNDO;RUA JÚLIO MESQUITA;;CENTRO;ARARAS;SP;13600060;19;35433400;diretoria@lastro.com.br
24.361.690/0001-72;LIMINE TRUST DISTRIBUIDORA DE TITULOS E VALORES MOBILIARIOS LTDA.;LIMINE TRUST DISTRIBUIDORA DE TITULOS E VALORES MOBILIARIOS LTDA.;2019-04-15;;;ATIVO;2019-04-15;CORRESPONDÊNCIA. ADM. FUNDO;AVENIDA DOUTOR CARDOSO DE MELO, 1184;CONJUNTO 91;VILA OLIMPIA;SÃO PAULO;SP;4548004;11;28461166;eduardo@liminedtvm.com.br
40.768.766/0001-35;LIONS TRUST DISTRIBUIDORA DE TÍTULOS E VALORES MOBILIÁRIOS LTDA.;LIONS TRUST DTVM;2023-09-20;;;ATIVO;2023-09-20;;;;;;;;;;daniel@lionstrust.com.br
36.864.992/0001-42;MAF DISTRIBUIDORA DE TITULOS E VALORES MOBILIARIOS S.A.;MAF DTVM;2021-04-20;;;ATIVO;2021-04-20;;;;;;;;;;juridico.admfiduciaria@apexgroup.com
33.918.160/0001-73;MASSA FALIDA DA GRADUAL CORRETORA DE CÂMBIO, TÍTULOS E VALORES MOBILIÁRIOS S. A.;GRADUAL CORRETORA;2013-04-12;2018-05-22;CANCELAMENTO POR DECISÃO ADMINISTRATIVA;CANCELADA;2018-05-22;CORRESPONDÊNCIA. ADM. FUNDO;AV JUSC.KUBITSCHEK 1909;19 ANDAR 191B;VILA NOVA CONCEIÇÃO;SÃO PAULO;SP;4543907;11;33728300;liquidante@gradualinvestimentos.com.br
33.886.862/0001-12;MASTER S/A CORRETORA DE CAMBIO, TITULOS E VALORES MOBILIARIOS;MULTISTOCK S.A. C.C.V.;1997-06-19;2005-06-24;CANCELAMENTO POR DECISÃO ADMINISTRATIVA;CANCELADA;2005-06-24;CORRESPONDÊNCIA. ADM. FUNDO;AV ATLANTICA 1130;12 ANDAR;COPACABANA;RIO DE JANEIRO;RJ;22021000;21;38201700;compliance.corretora@mastercctvm.com.br
33.886.862/0001-12;MASTER S/A CORRETORA DE CAMBIO, TITULOS E VALORES MOBILIARIOS;MULTISTOCK S.A. C.C.V.;2013-12-30;;;ATIVO;2013-12-30;CORRESPONDÊNCIA. ADM. FUNDO;AV ATLANTICA 1130;12 ANDAR;COPACABANA;RIO DE JANEIRO;RJ;22021000;21;38201700;compliance.corretora@mastercctvm.com.br
16.683.062/0001-85;MERCANTIL DO BRASIL CORRETORA S/A CTVM;MB CORRETORA;2017-12-21;;;ATIVO;2017-12-21;CORRESPONDÊNCIA. ADM. FUNDO;RUA RIO DE JANEIRO, 654;9º ANDAR;CENTRO;BELO HORIZONTE;MG;30160912;31;30576731;mb_corretora_gestao@mercantil.com.br
41.592.532/0001-42;MERITO DISTRIBUIDORA DE TITULOS E VALORES MOBILIARIOS LTDA.;MERITO DISTRIBUIDORA DE TITULOS E VALORES MOBILIARIOS LTDA.;2021-01-03;;;ATIVO;2021-01-03;CORRESPONDÊNCIA. ADM. FUNDO;RUA FUNCHAL, 418;21 ANDAR;VILA OLIMPIA;SÃO PAULO;SP;4551060;11;33862555;diretoria@meritoinvestimentos.com
01.004.925/0001-73;MILLENIUM S.A. EMPREENDIMENTOS E PARTICIPAÇÕES;MILLENNIUM S/A DTVM;1997-05-27;2005-06-24;CANCELAMENTO POR DECISÃO ADMINISTRATIVA;CANCELADA;2005-06-24;CORRESPONDÊNCIA. ADM. FUNDO;R ALEXANDRE DUMAS 2200/8 AND;;;SÃO PAULO;SP;4717004;;;
05.389.174/0001-01;MODAL  D.T.V.M. LTDA;MODAL DTVM LTDA.;2017-04-03;;;ATIVO;2017-04-03;;;;;;;;;;juridico.regulatorio@xpi.com.br
01.302.766/0001-93;MODAL DTVM LTDA;MODAL DTVM LTDA;1997-07-03;2005-06-24;CANCELAMENTO POR DECISÃO ADMINISTRATIVA;CANCELADA;2005-06-24;CORRESPONDÊNCIA. ADM. FUNDO;AVENIDA RIO BRANCO 89/9 ANDAR;;CENTRO;RIO DE JANEIRO;RJ;20040004;21;22833681;
97.447.304/0001-33;MOMENTO DTVM LTDA;MOMENTO DTVM LTDA;1997-05-27;;;ATIVO;1997-12-01;CORRESPONDÊNCIA. ADM. FUNDO;RUA DA AJUDA, 35;SALA 1901 PARTE;CENTRO;RIO DE JANEIRO;RJ;20040915;;;lagra@saoclementesa.com.br
12.063.256/0001-27;MONETAR DISTRIBUIDORA DE TITULOS E VALORES MOBILIARIOS LTDA.;MONETAR DISTRIBUIDORA DE TÍTULOS E VALORES MOBILIÁRIOS LTDA.;2018-10-02;;;ATIVO;2018-10-02;CORRESPONDÊNCIA. ADM. FUNDO;RUA JOAQUIM FLORIANO, 100, 18º;CJ 182;ITAIM BIBI;SÃO PAULO;SP;4534000;11;31656054;infofundos@terrainvestimentos.com.br
52.904.364/0001-08;NECTON INVESTIMENTOS S.A. CORRETORA DE VALORES MOBILIÁRIOS E COMMODITIES;NECTON INVESTIMENTOS;2021-03-15;2022-10-31;CANCELAMENTO A PEDIDO;CANCELADA;2022-10-31;CORRESPONDÊNCIA. ADM. FUNDO;AV. BRIG. FARIA LIMA, 1.355;22ºANDAR;JD. PAULISTANO;SÃO PAULO;SP;1452002;11;32921400;juridico@necton.com.br
61.723.847/0001-99;NEON CORRETORA DE TITULOS E VALORES MOBILIARIOS S.A.;MAGLIANO;2016-12-06;;;CANCELADA;2020-07-07;;;;;;;;;;regulatorio@neon.com.br
36.113.876/0001-91;OLIVEIRA TRUST DTVM S.A.;OLIVEIRA TRUST DTVM S.A.;1997-07-04;;;ATIVO;1997-07-04;CORRESPONDÊNCIA. ADM. FUNDO;AV. DAS AMERICAS, 3434;BL 07, GR. 201;BARRA DA TIJUCA;RIO DE JANEIRO;RJ;22640102;21;35140000;henrique.sismil@oliveiratrust.com.br
33.857.830/0001-99;OPPORTUNITY HDF ADMINISTRADORA DE RECURSOS LTDA.;OPPORTUNITY HDF ADMINISTRADORA DE RECURSOS LTDA.;1997-05-27;2012-12-19;CANCELAMENTO POR DECISÃO ADMINISTRATIVA;CANCELADA;2012-12-19;CORRESPONDÊNCIA. ADM. FUNDO;AVENIDA PRESIDENTE WILSON;231/28º ANDAR;CENTRO;RIO DE JANEIRO;RJ;20030905;21;38043700;gar@opportunity.com.br
92.904.564/0001-77;ORLA EMPREENDIMENTOS S.A.;ORLA DTVM S.A.;2017-03-08;2021-04-23;CANCELAMENTO POR DECISÃO ADMINISTRATIVA;CANCELADA;2021-04-23;CORRESPONDÊNCIA. ADM. FUNDO;RUA DA ASSEMBLEIA, 10;SALA 2601;CENTRO;RIO DE JANEIRO;RJ;20011901;21;25311215;orla@orladtvm.com.br
17.343.682/0001-38;Pentágono S.A. Distribuidora de Títulos e Valores Mobiliários;Pentágono S.A. Distribuidora de Títulos e Valores Mobiliários;2009-12-08;2011-11-04;CANCELAMENTO POR DECISÃO ADMINISTRATIVA;CANCELADA;2011-11-04;CORRESPONDÊNCIA. ADM. FUNDO;AVENIDA DAS AMERICAS Nº 4200;BLOCO 4 SALA 514;BARRA DA TIJUCA;RIO DE JANEIRO;RJ;22640102;21;33854565;diretoria@pentagonotrustee.com.br
17.343.682/0001-38;Pentágono S.A. Distribuidora de Títulos e Valores Mobiliários;Pentágono S.A. Distribuidora de Títulos e Valores Mobiliários;2009-10-19;2009-12-04;CANCELAMENTO POR DECISÃO ADMINISTRATIVA;CANCELADA;2009-12-04;CORRESPONDÊNCIA. ADM. FUNDO;AVENIDA DAS AMERICAS Nº 4200;BLOCO 4 SALA 514;BARRA DA TIJUCA;RIO DE JANEIRO;RJ;22640102;21;33854565;diretoria@pentagonotrustee.com.br
17.343.682/0001-38;Pentágono S.A. Distribuidora de Títulos e Valores Mobiliários;Pentágono S.A. Distribuidora de Títulos e Valores Mobiliários;2009-10-19;2009-12-11;CANCELAMENTO POR DECISÃO ADMINISTRATIVA;CANCELADA;2009-12-11;CORRESPONDÊNCIA. ADM. FUNDO;AVENIDA DAS AMERICAS Nº 4200;BLOCO 4 SALA 514;BARRA DA TIJUCA;RIO DE JANEIRO;RJ;22640102;21;33854565;diretoria@pentagonotrustee.com.br
17.343.682/0001-38;Pentágono S.A. Distribuidora de Títulos e Valores Mobiliários;Pentágono S.A. Distribuidora de Títulos e Valores Mobiliários;2002-08-28;2010-01-04;CANCELAMENTO POR DECISÃO ADMINISTRATIVA;CANCELADA;2010-01-04;CORRESPONDÊNCIA. ADM. FUNDO;AVENIDA DAS AMERICAS Nº 4200;BLOCO 4 SALA 514;BARRA DA TIJUCA;RIO DE JANEIRO;RJ;22640102;21;33854565;diretoria@pentagonotrustee.com.br
00.806.535/0001-54;PLANNER CORRETORA DE VALORES S.A.;PLANNER CORRETORA DE VALORES S.A.;2012-12-05;;;ATIVO;2012-12-05;CORRESPONDÊNCIA. ADM. FUNDO;AV. BRIG. FARIA LIMA, 3900;10º ANDAR;ITAIM BIBI;SÃO PAULO;SP;4538132;11;21722600;corporativo@planner.com.br
34.829.992/0001-86;REAG DISTRIBUIDORA DE TITULOS E VALORES MOBILIARIOS S.A.;REAG DTVM;2020-09-09;;;ATIVO;2020-09-09;;;;;;;;;;ramon.dantas@reag.com.br
72.600.026/0001-81;RIO BRAVO INVESTIMENTOS - DISTRIBUIDORA DE TITULOS E VALORES MOBILIARIOS LTDA;RIO BRAVO INVESTIMENTOS - DISTRIBUIDORA DE TITULOS E VALORES MOBILIARIOS LTDA;1996-05-22;;;ATIVO;1997-11-21;CORRESPONDÊNCIA. ADM. FUNDO;AV. CHEDID JAFET, 222;BL B, 3º AND,CJ 32;VILA OLÍMPIA;SÃO PAULO;SP;4551065;11;35096600;juridico@riobravo.com.br
72.600.026/0001-81;RIO BRAVO INVESTIMENTOS - DISTRIBUIDORA DE TITULOS E VALORES MOBILIARIOS LTDA;RIO BRAVO INVESTIMENTOS - DISTRIBUIDORA DE TITULOS E VALORES MOBILIARIOS LTDA;2010-09-30;2018-04-10;REGISTRO INDEVIDO;CANCELADA;2018-04-10;CORRESPONDÊNCIA. ADM. FUNDO;AV. CHEDID JAFET, 222;BL B, 3º AND,CJ 32;VILA OLÍMPIA;SÃO PAULO;SP;4551065;11;35096600;juridico@riobravo.com.br
42.066.258/0001-30;RJI CORRETORA DE TÍTULOS E VALORES MOBILIÁRIOS LTDA;RJI INVESTIMENTOS;2018-04-10;;;ATIVO;2018-04-10;CORRESPONDÊNCIA. ADM. FUNDO;RUA DO OUVIDOR,97;7º ANDAR;CENTRO;RIO DE JANEIRO;RJ;20040030;;;controladoria@rjicv.com.br
62.318.407/0001-19;S3 CACEIS BRASIL DISTRIBUIDORA DE TITULOS E VALORES MOBILIARIOS S.A;S3 CACEIS BRASIL DISTRIBUIDORA DE TITULOS E VALORES MOBILIARIOS S.A;2018-08-03;;;ATIVO;2018-08-03;CORRESPONDÊNCIA. ADM. FUNDO;AV PRESID JUSCELINO KUBITSCHEK;Nº 2041 - TORRE A;VILA OLÍMPIA;SÃO PAULO;SP;4543011;11;35536910;sc_compliance@s3caceis.com.br
07.397.614/0001-06;SICOOB DISTRIBUIDORA DE TÍTULOS E VALORES MOBILIÁRIOS LTDA.;SICOOB DTVM;2017-07-18;;;ATIVO;2017-07-18;CORRESPONDÊNCIA. ADM. FUNDO;SIG Quadra 06 nº 2080 CCSicoob;torre I, sala 201;SIG;BRASÍLIA;DF;70610460;61;32175315;dtvm@sicoob.com.br
68.757.681/0001-70;SIMPAUL CORRETORA DE CÂMBIO E VALORES MOBILIÁRIOS S.A.;SIMPAUL CCVM;2013-07-31;2023-02-01;CANCELAMENTO A PEDIDO;CANCELADA;2023-02-01;;;;;;;;;;controlesinternos@simpaul.com.br
62.285.390/0001-40;SINGULARE CORRETORA DE TITULOS E VALORES MOBILIARIOS S.A.;SINGULARE;2009-12-16;;;ATIVO;2009-12-16;CORRESPONDÊNCIA. ADM. FUNDO;AV. BRIGADEIRO FARIA LIMA 1355;5 E 15º ANDS;JARDIM PAULISTANO;SÃO PAULO;SP;1452919;11;28273500;compliance@singulare.com.br
50.657.675/0001-86;SLW CVC LTDA;SLW;2018-12-10;;;ATIVO;2018-12-10;CORRESPONDÊNCIA. ADM. FUNDO;R DOUTOR RENATO PAES DE BARROS;717 10º ANDAR;ITAIM BIBI;SÃO PAULO;SP;4530001;11;30489900;clubesefundos@slw.com.br
32.206.435/0001-83;SUL AMERICA INVESTIMENTOS DTVM S.A.;SUL AMERICA INVESTIMENTOS DTVM SA;2022-05-02;;;ATIVO;2022-05-02;CORRESPONDÊNCIA. ADM. FUNDO;RUA DOS PINHEIROS, Nº 1673;12º A-NORTE-SL II;PINHEIROS;SÃO PAULO;SP;5422012;11;37794810;mariaaugusta.mosca@sulamerica.com.br
03.751.794/0001-13;TERRA INVESTIMENTOS DISTRIBUIDORA DE TITULOS E VALORES MOBILIARIOS LTDA;TERRA INVESTIMENTOS DISTRIBUIDORA DE TITULOS E VALORES MOBILIARIOS LTDA;2018-09-14;;;ATIVO;2018-09-14;;;;;;;;;;infofundos@terrainvestimentos.com.br
67.030.395/0001-46;TRUSTEE DISTRIBUIDORA DE TITULOS E VALORES MOBILIARIOS LTDA.;TRUSTEE DTVM LTDA;2020-01-07;;;ATIVO;2020-01-07;CORRESPONDÊNCIA. ADM. FUNDO;AV. BRIG. FARIA LIMA,3477;11º ANDAR-TORRE A;ITAIM BIBI;SÃO PAULO;SP;4538133;11;21974400;juridicofundos@trusteedtvm.com.br
33.968.066/0001-29;UM INVESTIMENTOS SA CTVM;UM INVESTIMENTOS;2019-09-03;;;ATIVO;2019-09-03;CORRESPONDÊNCIA. ADM. FUNDO;PRAÇA XV DE NOVEMBRO, 20;1202;CENTRO;RIO DE JANEIRO;RJ;20010010;21;23232424;compliance@uminvestimentos.com.br
33.700.394/0001-40;UNIBANCO UNIAO BANCOS BRAS SA;UNIBANCO SA;1999-10-21;2008-02-21;CANCELAMENTO POR DECISÃO ADMINISTRATIVA;CANCELADA;2008-02-21;CORRESPONDÊNCIA. ADM. FUNDO;AV. EUSÉBIO MATOSO, 891;;PINHEIROS;SÃO PAULO;SP;5423901;11;55292206;relacionamento.bacen@itau-unibanco.com.br
82.016.270/0001-55;UP FINANÇAS E NEGÓCIOS S.A.;C & D DTVM;1997-05-22;2015-07-10;CANCELAMENTO POR DECISÃO ADMINISTRATIVA;CANCELADA;2015-07-10;CORRESPONDÊNCIA. ADM. FUNDO;RUA XV DE NOVEMBRO, 297;CONJ. 301;CENTRO;CURITIBA;PR;80020310;41;30141414;cherem@cdinvest.com.br
36.149.557/0001-36;VEGAMIX PRESTADORA DE SERVIÇOS S.A. - EM LIQUIDAÇÃO ORDINÁRIA;VEGA SA CCVM;1997-10-29;2005-06-24;CANCELAMENTO POR DECISÃO ADMINISTRATIVA;CANCELADA;2005-06-24;CORRESPONDÊNCIA. ADM. FUNDO;RUA RODRIGO SILVA 26/12 ANDAR;;CENTRO;RIO DE JANEIRO;RJ;20011040;;;
22.610.500/0001-88;VORTX DISTRIBUIDORA DE TITULOS E VALORES MOBILIARIOS LTDA.;VORTX DISTRIBUIDORA DE TITULOS E VALORES MOBILIARIOS LTDA.;2016-10-14;;;ATIVO;2016-10-14;;;;;;;;;;compliance@vortx.com.br
22.610.500/0001-88;VORTX DISTRIBUIDORA DE TITULOS E VALORES MOBILIARIOS LTDA.;VORTX DISTRIBUIDORA DE TITULOS E VALORES MOBILIARIOS LTDA.;2016-07-11;2016-12-01;CANCELAMENTO POR DECISÃO ADMINISTRATIVA;CANCELADA;2016-12-01;;;;;;;;;;compliance@vortx.com.br
92.875.780/0001-31;WARREN CORRETORA DE VALORES MOBILIÁRIOS E CÂMBIO LTDA.;WARREN CORRETORA;2021-02-03;;;ATIVO;2021-02-03;CORRESPONDÊNCIA. ADM. FUNDO;AV. OSVALDO ARANHA 720;CJ. 201;BOM FIM;PORTO ALEGRE;RS;90035191;51;32372273;compliance@warren.com.br
45.854.066/0001-87;WNT CAPITAL DISTRIBUIDORA DE TITULOS E VALORES MOBILIARIOS S.A.,;WNT DTVM;2022-12-08;;;ATIVO;2022-12-08;;;;;;;;;;info@wntdtvm.com
02.332.886/0001-04;XP INVESTIMENTOS CCTVM S.A.;XP INVESTIMENTOS;2015-07-22;;;ATIVO;2015-07-22;CORRESPONDÊNCIA. ADM. FUNDO;AV.BRIGADEIRO FARIA LIMA, 3600;10º ANDAR;ITAIM BIBI;SÃO PAULO;SP;4538132;11;30272337;lucas.rabechini@xpi.com.br
